Ticker,Quant_Score,Analysis_Date,Agent_Rating,Agent_Recommendation,Justification,Market_Investor_Analysis,Value_Investor_Analysis,Devils_Advocate_Analysis
ATRO,N/A,2025-08-08,0.55,Neutral,"Despite strong operational momentum from raised guidance and record aerospace sales, the stock's high forward P/E and proximity to its 52-week high indicate that much of the positive news is already priced in, limiting immediate upside and warranting a neutral stance.","Astronics Corporation's recent announcement, just ""1 day ago,"" that it ""raises 2025 revenue guidance to $840M–$860M"" is a significant development that directly impacts our investment thesis. This upward revision signals strong underlying demand and management's increased confidence in the company's future performance, particularly given the earlier report of ""First Quarter 2025 Revenue Grew 11% Driven by Record Aerospace Sales.""

This positive news strongly supports the company's current valuation metrics. While the trailing P/E is ""N/A,"" indicating past profitability challenges, the ""forward PE"" of 29.34 suggests that the market has already been pricing in substantial future growth. The raised revenue guidance now provides concrete validation for this expectation, making that forward multiple appear more justified. The consistent growth in aerospace sales, a core segment for Astronics as a designer and manufacturer of ""specialized"" industrial products, underpins this optimistic outlook. Furthermore, with the stock currently trading around $34-$35, closer to its ""fiftyTwoWeekHigh"" of $37.32 than its ""fiftyTwoWeekLow"" of $14.13, the increased guidance could provide the necessary catalyst to push it towards or even beyond its previous peak, reinforcing the ""marketCap"" of over $1 billion. The strong Q1 performance sets a positive precedent, suggesting that the company is effectively capitalizing on opportunities within its specialized markets.

From a Market Investor's viewpoint, the raised 2025 revenue guidance, coupled with confirmed strong aerospace sales, significantly strengthens the investment thesis for Astronics Corporation, indicating that the company is on a robust growth trajectory that justifies its forward-looking valuation.","The recent news that Astronics Corporation has raised its 2025 revenue guidance to $840M–$860M, following a robust 11% growth in First Quarter 2025 revenue driven by **record aerospace sales**, immediately captures the attention of a value investor. This forward-looking optimism from management, particularly concerning the strong performance in the aerospace segment, is a positive signal for future earnings potential and suggests a healthy demand environment for their specialized industrial products.

However, when we reconcile this positive news with the provided financial data, the picture becomes more nuanced. The company's forward P/E stands at 29.34. While the reported growth and raised guidance are commendable, this multiple suggests that the market has already priced in a significant portion of this anticipated revenue increase and future profitability. A value investor typically seeks a larger margin of safety, often found in lower multiples relative to sustainable earnings power. The fact that the trailing P/E is 'N/A' further emphasizes the reliance on future projections, indicating that past profitability may have been inconsistent or negative, making the sustainability of this growth and its conversion to earnings even more critical. Furthermore, with the current stock price (e.g., $35.84 or $34.26) sitting closer to its 52-week high of $37.32, it suggests that much of the good news, including the ""record aerospace sales,"" has already been absorbed by the market, leaving less room for immediate capital appreciation based on a re-rating.

From a value investor's perspective, while Astronics Corporation exhibits promising growth momentum, particularly in its aerospace segment, its current valuation, as reflected by the forward P/E and proximity to its 52-week high, suggests that it is not currently trading at a significant discount to its intrinsic value. A deeper dive into the quality and sustainability of these ""record aerospace sales"" and the company's ability to consistently translate revenue growth into free cash flow would be necessary to ascertain if a sufficient margin of safety exists for a long-term investment.","While the recent news that Astronics Corporation (ATRO) has **raised its 2025 revenue guidance to $840M–$860M** might seem like a clear bullish signal, a Devil's Advocate must question whether this optimism is already fully priced in, or even over-discounted.

This seemingly positive development, alongside the earlier report of **11% revenue growth in Q1 2025 driven by 'record aerospace sales,'** needs to be reconciled with the company's demanding valuation. Astronics currently trades at a **forward P/E of 29.34**, which is quite rich for an industrial sector company, especially one whose **trailing P/E is N/A**, suggesting past profitability has been inconsistent or non-existent. This high forward multiple implies that the market is already heavily discounting significant future growth, including this raised guidance and continued strong performance in its **specialized aerospace products**.

Furthermore, with the stock trading near its **52-week high of $37.32** (current price around $34-$35), much of the good news, including the anticipated revenue increase, appears to be baked into the current **$1.068 billion market capitalization**. The Devil's Advocate would argue that if the company merely meets this raised guidance, there may be limited upside remaining, as the market has already factored in this success. Any slight miss, or a slowdown in the cyclical aerospace market that underpins these 'record sales,' could lead to a significant re-rating given the elevated forward P/E. The reliance on 'record aerospace sales' also raises questions about the sustainability of such growth; aerospace is notoriously lumpy and dependent on long-term contracts and global economic health.

In conclusion, while the raised revenue guidance is superficially positive, the Devil's Advocate's viewpoint is that Astronics Corporation's current valuation already reflects, and perhaps over-anticipates, this improved outlook, leaving the stock vulnerable to any future disappointments or a cooling of the 'record aerospace sales' momentum."
PLTR,0.8601373401182871,2025-08-08,0.25,Sell,"While Palantir's strategic defense partnerships and AI capabilities are compelling, its current astronomical valuation, reflected in extremely high P/E ratios and proximity to its 52-week high, indicates significant overvaluation with minimal margin of safety.","The recent news highlighting Palantir's ""AI-powered role in U.S. defense with SpaceX & Anduril redefines missile tracking"" is a critical piece of information for any market investor assessing PLTR. This specific detail from the 'Retail & Social Sentiment' section underscores the core of Palantir's investment thesis: its deep integration into high-value, strategic government and defense initiatives, particularly leveraging its advanced AI capabilities.

When we look at the 'Financial Data', Palantir's trailing P/E of 644.68 and forward P/E of 397.78 are exceptionally high. These multiples scream 'growth stock' and indicate that the market has already priced in substantial future expansion. The news about its involvement with SpaceX and Anduril in missile tracking provides concrete justification for these lofty valuations. It suggests that Palantir isn't just a generic software company; it's a critical technology partner in areas of national security and advanced warfare, which typically command premium valuations due to high barriers to entry and long-term contracts. The stock trading at $182.20, very close to its 52-week high of $187.99, further corroborates the strong positive sentiment driven by such strategic partnerships and the perceived ""major sentiment upside"" mentioned in the news. Investors are clearly betting on continued, significant revenue streams from these specialized, high-impact applications of their technology, which helps to reconcile the high P/E with the current stock price momentum.

From a Market Investor's perspective, while the valuation metrics are undeniably stretched, the consistent flow of news detailing Palantir's indispensable role in cutting-edge defense and AI applications, such as missile tracking with key partners like SpaceX, provides a compelling narrative that supports the current premium. My viewpoint is that PLTR remains a high-conviction growth play, albeit one that demands continued execution on these high-profile contracts to justify its steep price tag.","From a Value Investor's perspective, the recent news highlighting **Palantir Technologies Inc.'s AI-powered role in U.S. defense with partners like SpaceX and Anduril**, particularly in redefining missile tracking, certainly paints a picture of a company at the forefront of critical technological advancements. This narrative of deep integration into national security infrastructure and cutting-edge AI applications suggests a strong competitive moat and significant future growth potential, which is undoubtedly appealing.

However, when we reconcile this exciting news with the provided financial data, a stark reality emerges for the value-oriented investor. The company's **trailing P/E of 644.6897 and a forward P/E of 397.78726** are extraordinarily high. While the defense contracts and AI innovation are compelling, these P/E ratios indicate that the market has already priced in an immense amount of future growth and success. The stock's current price of **$182.20 USD, sitting just shy of its 52-week high of $187.99**, further reinforces the notion that market sentiment is overwhelmingly positive, as suggested by the ""Major Sentiment Upside"" news. For a value investor, such elevated multiples and a stock trading near its peak leave virtually no margin of safety. We seek to buy a dollar for fifty cents, not a dollar for five dollars. While Palantir's technology is transformative and its market capitalization of **$443.5 billion** reflects its significant presence, the current valuation suggests that the market is extrapolating perfection far into the future, leaving little room for operational missteps or shifts in market dynamics.

In conclusion, while Palantir's strategic importance and technological prowess, particularly in defense AI, are undeniable and represent a strong business, the current market price, as reflected in its exorbitant P/E multiples and proximity to its 52-week high, indicates that the stock is significantly overvalued from a traditional Value Investor's standpoint, offering an unfavorable risk-reward profile.","The recent news highlighting Palantir's ""AI-powered role in U.S. defense with SpaceX & Anduril redefines missile tracking"" certainly paints a picture of a company at the forefront of critical national security technology, fueling the ""Major Sentiment Upside From The Golden Dome"" narrative. Indeed, the stock's current price of $182.20, as reported by the WSJ, sits remarkably close to its 52-week high of $187.99, suggesting that much of this positive sentiment and future potential is already heavily baked into the valuation.

However, a closer look at the financial data reveals a stark reality that challenges the sustainability of this enthusiasm. While the partnerships with defense giants and the promise of redefining missile tracking are undoubtedly exciting, the company's trailing P/E ratio of 644.6897 and a forward P/E of 397.78726 are nothing short of astronomical. These figures imply that investors are not just anticipating significant future growth from these defense contracts and AI innovations; they are demanding near-flawless execution and an unprecedented acceleration in earnings to justify the current $443.5 billion market capitalization. The news, while positive in tone, does not provide any new quantitative data to suggest that Palantir's earnings trajectory will suddenly leapfrog to a level that can rationalize such an extreme valuation. Instead, it merely reinforces the speculative fervor that has driven the stock to its current heights, leaving very little margin for error or any unforeseen challenges in its ""redefining"" endeavors.

From a Devil's Advocate perspective, while the news paints a compelling vision of Palantir's strategic importance and technological prowess, the current financial data suggests that the market has already priced in a future of absolute perfection. The risk-reward profile is heavily skewed, with any minor deviation from these lofty expectations likely to result in a significant re-rating, as the current valuation leaves virtually no room for further upside based on fundamental earnings growth."
USAS,N/A,2025-08-08,0.25,Sell,"Despite recent price surges, the company exhibits a concerning lack of current profitability, a history of significant value destruction, and remains a highly speculative investment lacking fundamental support.","As a Market Investor, my initial read on Americas Gold and Silver Corporation (USAS) immediately focuses on the **""Retail & Social Sentiment"" data, which highlights extreme past price volatility, including a staggering +130.55% gain followed by significant pullbacks like -69.90% and -21.35% over various periods.** This level of fluctuation is a critical piece of the puzzle for a precious metals miner.

This news context directly supports and is further illuminated by the provided **Financial Data**. The company's **52-week range of $1.14 (high) to $0.21 (low)** perfectly quantifies the dramatic price swings indicated by the sentiment data. Such a wide range confirms that USAS is not a stable, blue-chip investment but rather a highly speculative play, typical of a ""junior silver producer with assets in the Americas,"" as described in the professional news context. Furthermore, the **""N/A"" trailing P/E ratio** suggests the company has not been consistently profitable over the past twelve months, which is common for junior miners in development or facing operational challenges. However, the **forward P/E of 21.80** indicates that the market is pricing in expectations of future earnings and profitability. This implies that the current market capitalization of **$713.94 million** is largely based on anticipated future performance or a bullish outlook on precious metal prices, rather than current fundamentals. The mention of **3.76 million shares in short interest** also adds a layer of potential volatility, as short squeezes or continued bearish pressure could significantly impact the stock.

In conclusion, my Market Investor's viewpoint is that Americas Gold and Silver Corporation (USAS) is a **high-risk, high-reward speculative investment** primarily driven by sentiment and future expectations for precious metal prices, rather than current, consistent profitability. Its extreme volatility, evidenced by both historical price movements and the wide 52-week range, makes it suitable only for investors with a strong risk appetite looking for leveraged exposure to the gold and silver markets, rather than for long-term, stable capital appreciation.","Americas Gold and Silver Corporation is explicitly identified in the news context as a ""leading Canadian-based junior silver producer with assets in the Americas,"" focusing on ""precious metals such as gold and silver."" This 'junior producer' status aligns with its relatively modest market capitalization of $713.94 million, which is small compared to major diversified miners, suggesting a higher risk profile and potentially greater volatility.

However, a critical point for a value investor is the reported 'trailingPE: N/A'. This indicates that the company has not been consistently profitable over the past twelve months, or perhaps has even reported a loss, making traditional earnings-based valuation metrics like the P/E ratio inapplicable for historical performance. While a 'forwardPE' of 21.80 suggests analyst expectations for future profitability, a value investor would be wary of investing solely on future projections without a track record of consistent earnings, especially in the volatile basic materials sector where commodity prices dictate much of the revenue. Furthermore, the 'Retail & Social Sentiment' section highlights a significant recent surge, with the stock up ""+130.55%"". This rapid appreciation, pushing the stock closer to its 'fiftyTwoWeekHigh' of $1.14 from a 'fiftyTwoWeekLow' of $0.21, suggests that much of the potential upside from a recovery or commodity price increase may already be priced in, significantly reducing the margin of safety typically sought by value investors.

From a value investor's perspective, while Americas Gold and Silver operates in a sector with potential upside from commodity price movements, the absence of a trailing P/E, coupled with its 'junior producer' risk profile and recent substantial price appreciation, indicates that the stock currently lacks the clear margin of safety and demonstrable earnings power that would make it an attractive deep value proposition at this time.","From a Devil's Advocate perspective, the most glaring ""news"" for Americas Gold and Silver Corporation (USAS) isn't what's present, but rather what's conspicuously absent: a lack of genuinely fresh, positive, and impactful news beyond generic company descriptions and outdated headlines, such as the July 8, 2021 Reuters article. This silence, combined with the stark figures from the 'Retail & Social Sentiment' section, paints a concerning picture for the company's investment thesis.

Specifically, the retail sentiment data reveals a devastating long-term performance: USAS is down **-96% over the past five years** and a staggering **-69.90% year-to-date**. While the current price of $1.07 is near its 52-week high of $1.14, this ""high"" is merely a blip in a precipitous, multi-year decline. This historical value destruction directly contradicts any notion of a stable or reliably growing enterprise, despite its $713.94 million market capitalization as a ""junior silver producer."" The company's core business of mining precious metals like gold and silver, while inherently cyclical, has clearly failed to generate consistent shareholder returns over a significant period.

Reconciling this with the 'Financial Data' further solidifies a skeptical viewpoint. The **""N/A"" for trailing PE** is a massive red flag for any serious investor. It strongly suggests that Americas Gold and Silver Corporation has not been consistently profitable, or has been operating at a loss, over the past twelve months. In this context, the **forward PE of 21.80** appears to be an act of speculative faith, relying entirely on future, unproven profitability. Why would an investor commit capital to a company with a demonstrated history of destroying value and no recent trailing profitability, based solely on optimistic future projections? The low 'Days to Cover' for short interest (2.74 days) also suggests that while there's some skepticism, shorts aren't trapped, indicating a relatively liquid market for bearish bets.

In conclusion, from a Devil's Advocate standpoint, Americas Gold and Silver Corporation (USAS) is a highly speculative investment. Its long-term track record of value destruction, coupled with a lack of current profitability (N/A trailing PE) and an absence of compelling, fresh positive news, makes the forward PE of 21.80 seem like an overly optimistic gamble rather than a sound investment based on fundamental strength."
DASH,0.8148216465891384,2025-08-08,0.2,Sell,"Despite potential for future profitability, the company's astronomical valuation, as highlighted by its P/E ratios, indicates it is priced for perfection with significant downside risk and no margin of safety in a challenging market.","From a Market Investor's perspective, the recent sentiment from Seeking Alpha, specifically the headline ""DoorDash: Positioned For Profits,"" provides a crucial lens through which to interpret DoorDash's (DASH) current financial standing. This news suggests that despite a ""challenging time for the consumer discretionary sector,"" the company, known for its core ""food delivery and logistics platform"" in the United States and Canada, is making strides towards profitability.

This positive sentiment directly addresses the elephant in the room when looking at DoorDash's financial data: its exceptionally high trailing P/E of 142.41 and forward P/E of 145.61. These elevated multiples typically indicate that the market is pricing in significant future growth and, more importantly, a strong transition to sustained profitability. The ""Positioned For Profits"" news supports this narrative, suggesting that the market's high expectations might be grounded in the company's operational improvements and strategic positioning. If DoorDash can indeed convert its massive market capitalization of $110.72 billion into consistent, robust earnings, then these P/E ratios, while daunting, could potentially be justified over the long term.

However, the ""Hold On DASH, Buy On LYFT"" headline from another Seeking Alpha article adds a layer of nuance. While DoorDash may be ""positioned for profits,"" this sentiment suggests that its immediate upside might be constrained, perhaps due to its already high valuation or competitive dynamics. The company's 52-week high of $278.15 and low of $121.44 highlight significant volatility, and the current P/E ratios imply that the stock is trading closer to the higher end of investor expectations. The ""Hold"" recommendation implies that much of the good news regarding profitability might already be baked into the current share price, making it less attractive for immediate capital appreciation compared to perceived alternatives.

In conclusion, as a Market Investor, I view DoorDash as a company with significant market presence and a clear path towards enhanced profitability, which helps to rationalize its sky-high P/E multiples. However, the market's high expectations, already reflected in its valuation, suggest that the immediate upside might be limited. While the long-term thesis for DoorDash's ""food delivery and logistics platform"" remains compelling if it can consistently deliver on its profit potential, the current price appears to largely discount this future success, warranting a cautious ""hold"" stance rather than an aggressive ""buy"" at these levels.","From a Value Investor's perspective, the recent Seeking Alpha headline stating ""DoorDash: Positioned For Profits"" presents an interesting qualitative assessment, particularly given it was achieved in a ""challenging time for the consumer discretionary sector, with consumer sentiment dropping."" This suggests a degree of operational resilience or market dominance that could be appealing.

However, when we reconcile this positive sentiment with the quantitative financial data, a significant disconnect emerges for a value-oriented approach. While DoorDash may indeed be ""positioned for profits,"" the market has evidently priced in an extraordinary amount of future profitability already. The company's trailing P/E ratio stands at an astronomical 142.41 and its forward P/E is even higher at 145.61. For a value investor, these multiples are prohibitive, indicating that the stock is trading at a significant premium to its current earnings and even its projected near-term earnings. A company with a market capitalization exceeding $110 billion and such high P/E ratios implies that the market expects not just profits, but *explosive* and sustained profit growth for many years to come, leaving very little margin of safety. The wide range between its fifty-two-week high ($278.15) and low ($121.44) further underscores its volatility, characteristic of a growth stock rather than a stable, undervalued asset.

In conclusion, while the news suggests DoorDash is navigating a tough market and is ""positioned for profits,"" the current valuation, as reflected in its exorbitant P/E ratios, indicates that these future profits are already fully discounted into the stock price. For a disciplined Value Investor, DoorDash, Inc. (DASH) currently offers no discernible margin of safety and appears to be priced for perfection, making it an unsuitable candidate for a value-driven portfolio at these levels.","Let's cut through the optimistic noise surrounding DoorDash. While one Seeking Alpha headline boldly claims DoorDash is ""Positioned For Profits,"" the very next sentence provides a crucial caveat: ""This was achieved in a challenging time for the consumer discretionary sector, with consumer sentiment dropping."" This juxtaposition is precisely where the Devil's Advocate finds fertile ground for skepticism.

How can a company be so confidently ""positioned for profits"" when its core operating environment – the consumer discretionary sector, which includes its food delivery and logistics platform – is explicitly described as ""challenging"" with ""consumer sentiment dropping""? This isn't just a minor headwind; it's a direct threat to the very revenue streams DoorDash relies upon. Yet, the market continues to assign DoorDash an astronomical valuation, evidenced by its trailing P/E of 142.41 and an even higher forward P/E of 145.61. These multiples suggest that investors are not merely pricing in future profits, but rather an almost miraculous, sustained surge in profitability that seems entirely disconnected from the current economic reality of its sector.

Furthermore, the ""Hold On DASH, Buy On LYFT"" sentiment from another Seeking Alpha piece suggests that even within the gig economy, there might be more compelling, less richly valued opportunities. For a company with a market capitalization exceeding $110 billion, operating in a ""challenging"" sector, such a sky-high valuation implies an almost zero-risk path to exponential growth. This is a dangerous assumption. The high P/E ratios, coupled with the explicit mention of declining consumer sentiment, paint a picture of a stock that is not merely ""positioned for profits,"" but rather precariously balanced on a tightrope of extreme market expectation, with little room for error in a difficult environment.

Therefore, from a Devil's Advocate's perspective, DoorDash's current valuation appears to be built on an overly optimistic narrative that conveniently overlooks the very real, acknowledged headwinds facing its core business. The ""positioned for profits"" claim, when viewed against the backdrop of a struggling consumer discretionary sector and an exorbitant P/E, suggests that the market has already priced in perfection, leaving significant downside risk should the ""challenging time"" persist or worsen."
AEVA,N/A,2025-08-08,0.1,Sell,"The consensus across all views highlights Aeva as a highly speculative investment, trading on future promises and unique technology rather than current profitability, justifying its high-risk profile and demanding valuation.","As a Market Investor, my immediate attention is drawn to the headline ""Aeva Technologies: More Promises, Limited Results For Now..."" from March 24, 2025. This sentiment perfectly encapsulates the current investment dilemma surrounding Aeva Technologies, Inc. (AEVA).

This news context directly supports and clarifies the quantitative 'Financial Data' provided. The ""Limited Results For Now"" is starkly reflected in AEVA's `trailingPE: N/A`, indicating a lack of positive earnings over the past twelve months. Furthermore, the `forwardPE: -5.963801` suggests that analysts anticipate continued losses in the upcoming year, reinforcing the idea that the company is still in a heavy investment and development phase, not yet generating consistent profits.

However, the same news piece also mentions that AEVA's ""stock surges with a major OEM contract,"" and other reports highlight it as a ""Differentiated LiDAR Developer With A Demanding Valuation"" due to its ""unique 4D LiDAR"" technology. This explains the substantial `marketCap` of over $725 million despite the absence of profitability. Investors are clearly valuing the company based on its future potential and the strategic importance of securing such OEM partnerships, which are critical for a hardware-centric technology company like Aeva. The extreme `fiftyTwoWeekHigh` of $38.8 and `fiftyTwoWeekLow` of $2.36 further underscore the highly speculative nature of this stock; it's prone to significant swings based on news of contract wins or perceived delays in commercialization. The ""demanding valuation"" mentioned in the July 17, 2025, article, even with ""limited results,"" suggests that the market is pricing in significant future success that has yet to materialize on the income statement.

From a Market Investor's viewpoint, AEVA remains a high-risk, high-reward speculative play. While the company's ""unique 4D LiDAR"" technology and ability to secure a ""major OEM contract"" are compelling indicators of future potential, the current financial reality of no trailing earnings and projected forward losses means that profitability is still a distant promise. This stock is for investors willing to bet on the long-term adoption of its technology and the successful conversion of its pipeline into substantial revenue, rather than for those seeking immediate earnings or value.","The recent news highlighting Aeva Technologies' stock surge with a ""major OEM contract"" certainly paints a picture of future potential and market excitement. However, as a value investor, I must reconcile this optimistic narrative with the cold, hard financial data.

While an OEM contract is undoubtedly a positive development for a technology company like Aeva, which is engaged in the design, manufacturing, and sale of LiDAR sensing systems, the provided financial data immediately raises significant concerns. The `trailingPE` is ""N/A"" and the `forwardPE` is a negative -5.96, indicating that Aeva Technologies is not currently profitable and is not expected to be profitable in the near future. This directly contradicts the notion that the OEM contract translates into immediate, tangible earnings that would justify a ""demanding valuation,"" as one news headline aptly puts it.

A market capitalization of nearly $725 million for a company with no current earnings and projected losses suggests that the market is heavily pricing in future growth and speculative potential, rather than fundamental value. The significant volatility, evidenced by the `fiftyTwoWeekHigh` of $38.8 and a `fiftyTwoWeekLow` of $2.36, further reinforces the idea that AEVA's stock movements are driven by sentiment and promises, not by a solid earnings base. The sentiment of ""More Promises, Limited Results For Now..."" perfectly encapsulates our skepticism. While Aeva may indeed have ""unique 4D LiDAR"" technology, as the company itself states, a value investor prioritizes a margin of safety derived from current profitability and a clear path to sustainable earnings, neither of which is evident here.

**Value Investor's Viewpoint:** Based on this synthesis, Aeva Technologies, Inc. currently presents as a highly speculative growth play rather than a sound value investment. The market's enthusiasm for future contracts and differentiated technology is not yet supported by a track record of profitability or a reasonable valuation relative to current earnings, making it unsuitable for a value-oriented portfolio.","The recent headline, ""Aeva Technologies: More Promises, Limited Results For Now,"" from March 24, 2025, casts a long shadow over Aeva Technologies, Inc.'s investment thesis, especially when juxtaposed with its financial fundamentals.

This sentiment directly aligns with the provided financial data, which shows a **trailing PE of ""N/A""** and a **forward PE of -5.963801**. This isn't just a lack of profitability; it's an expectation of continued losses into the foreseeable future. Despite a **market capitalization of $725,197,888**, the company has yet to demonstrate a path to consistent earnings, reinforcing the ""limited results"" narrative. While the news mentions the stock ""surges with a major OEM contract,"" a Devil's Advocate would argue that such a contract, while promising, has clearly not translated into actual profitability or even positive forward earnings estimates. The fact that Aeva continues to be unprofitable, even after securing what should be a significant deal for a LiDAR sensing systems company, suggests that either the margins are razor-thin, or the operational costs are simply too high to overcome with current revenue streams.

Furthermore, the ""demanding valuation"" mentioned in the July 17, 2025, headline, coupled with the wide **52-week range ($38.8 high vs. $2.36 low)**, points to a highly speculative stock driven by future hopes rather than present performance. The significant short interest also highlighted in the risk factors section indicates that a substantial portion of the market is betting against the company's ability to convert its ""unique 4D LiDAR"" technology into sustainable profits.

In conclusion, Aeva Technologies, Inc. appears to be a company trading heavily on future promises and technological differentiation, rather than tangible financial results. The current data suggests investors are paying a substantial market cap for a company that remains unprofitable, even with significant contracts, making it a high-risk, speculative bet on a future that has yet to materialize."
GEV,0.7706648824236697,2025-08-08,0.1,Sell,"GE Vernova is significantly overvalued with astronomical P/E ratios and high interest rate risk, pricing in perfection and leaving no margin of safety.","From a Market Investor's perspective, the headline ""GE Vernova Stock Looks Overpriced With Too Many Problems To Ignore"" immediately grabs my attention, directly challenging the current market valuation of GE Vernova Inc. (GEV).

This sentiment from the retail and social sphere is strongly supported by the quantitative Financial Data. GEV's trailing P/E ratio stands at an astronomical 157.16, and even its forward P/E is a very high 94.07. For an Industrials sector company with a massive market capitalization of $176.7 billion, these P/E multiples suggest that the market has priced in an extraordinary level of future growth and profitability, or that the stock is indeed trading at a significant premium. Furthermore, the current stock price of $645.86 is remarkably close to its 52-week high of $677.29, reinforcing the notion that the stock is trading at the upper end of its recent valuation range. The ""Too Many Problems To Ignore"" aspect, while not fully detailed in the provided snippets, is partially illuminated by the Form 10 Filing, which explicitly mentions ""Interest Rate Risk."" For a capital-intensive industrial giant like GE Vernova, rising interest rates can significantly impact project financing, operational costs, and the overall attractiveness of future earnings, potentially justifying the market's underlying concerns despite the high valuation.

In conclusion, while GE Vernova Inc. commands a substantial market cap, the extremely high P/E ratios and its proximity to the 52-week high, coupled with explicit mentions of ""overpriced"" sentiment and identified risks like ""Interest Rate Risk,"" suggest that the market has set a very high bar for future performance. As a Market Investor, I view GEV as a stock that has already priced in significant future success, leaving little margin for error and making it particularly vulnerable to any negative news or a failure to meet aggressive growth expectations.","From a Value Investor's perspective, the headline ""GE Vernova Stock Looks Overpriced With Too Many Problems To Ignore"" immediately captures attention, as it directly addresses the core tenet of our investment philosophy: valuation. This sentiment is profoundly supported by the provided financial data, which reveals GE Vernova Inc. (GEV) trading at an astonishing trailing P/E of 157.16 and a forward P/E of 94.07.

These P/E multiples are exceptionally high, indicating that the market has priced in an extraordinary amount of future growth and profitability, far beyond what current earnings justify. A value investor seeks a margin of safety, and these figures suggest the exact opposite – a significant premium with little room for error. The current stock price of $645.86, sitting very close to its 52-week high of $677.29, further reinforces the notion that the stock is trading at a peak valuation, despite a recent daily dip. This high valuation, as highlighted by the ""overpriced"" news, suggests that the market's enthusiasm, perhaps fueled by analyst estimates and price targets mentioned in the WSJ news, has outpaced the company's current financial performance.

Furthermore, the ""too many problems to ignore"" aspect from the retail sentiment aligns with the ""Risk Factors & Negative News"" section, specifically the mention of ""Interest Rate Risk"" from the Form 10 filing. High-growth, high-P/E stocks like GEV are particularly vulnerable to rising interest rates, as future earnings are discounted more heavily, eroding the present value of those distant profits. This fundamental risk, coupled with the inherent uncertainties of a newly spun-off entity (as implied by the Form 10 filing detailing its conversion to a corporation), adds layers of complexity and potential downside that are not adequately reflected in such a lofty valuation.

In conclusion, while GE Vernova operates in the industrials sector, potentially benefiting from long-term trends, its current market capitalization of $176.7 billion and exorbitant P/E ratios, strongly corroborated by the ""overpriced"" market sentiment, present a significant red flag for a value investor. The market appears to be pricing in perfection and substantial future growth, leaving little to no margin of safety. We would consider GE Vernova Inc. to be significantly overvalued at its current price, and would only consider an investment if there were a substantial correction that brought its valuation metrics back to a more rational and defensible level, offering a clear margin of safety.","Let's cut straight to the chase: the retail sentiment headline, ""GE Vernova Stock Looks Overpriced With Too Many Problems To Ignore,"" isn't just a casual observation; it's a stark warning that directly challenges the company's current valuation. When we look at the financial data, this sentiment gains significant traction. GE Vernova's trailing P/E ratio stands at an astronomical 157.16, with a forward P/E still a lofty 94.07. These figures scream 'growth stock,' implying that an immense amount of future earnings potential is already priced into the current $176.7 billion market capitalization.

The fact that the stock is trading at $645.86, perilously close to its 52-week high of $677.29, further exacerbates this concern. It suggests a significant run-up, potentially fueled by optimism that may not fully account for the 'problems' alluded to in the retail sentiment. One such problem, explicitly highlighted in the company's Form 10 Filing, is 'Interest Rate Risk.' In an environment where interest rates could remain elevated or even rise, a company with such a stretched valuation and high growth expectations could face significant headwinds. Higher interest rates increase the cost of capital, potentially impacting project financing for large industrial endeavors, and they also make future earnings less valuable in present-day terms, putting downward pressure on high P/E multiples. While the WSJ and Bloomberg headlines point to analyst estimates and stock price movements, they don't inherently validate the *sustainability* of such a valuation in the face of these underlying risks. The market seems to be pricing in perfection, leaving little to no margin for error or the 'problems' that a Devil's Advocate would highlight.

Therefore, from a Devil's Advocate perspective, GE Vernova's current valuation appears precariously high, heavily reliant on flawless execution and an absence of significant macroeconomic headwinds, particularly concerning interest rate sensitivity, which could easily deflate its inflated P/E multiples."
